train_loss,epoch,step
6.370182514190674,0,49
5.550736904144287,1,99
5.555187225341797,2,149
5.568323135375977,3,199
5.173025608062744,4,249
5.0117621421813965,5,299
4.859788417816162,6,349
4.9838104248046875,7,399
4.773975372314453,8,449
4.6562113761901855,9,499
