train_loss,step,epoch
6.370182514190674,49,0
5.550736904144287,99,1
5.555187225341797,149,2
