train_loss,epoch,step
6.370182514190674,0,49
5.550736904144287,1,99
5.555187225341797,2,149
5.568323135375977,3,199
